Name	WMC	DIT	NOCC	CBO	RFC	LCOM	WMC*	NOM	MPC	DAC	SIZE1	SIZE2	DSC	NOH	ANA	DAM	DCC	CAMC	MOA	MFA	NOP	CIS	NPM	Reusability	Flexibility	Understandability	Functionality	Extendibility	Effectiveness	FanIn	ClassNames
MPChartLib/src/main/java/com/github/mikephil/charting/renderer/BarLineScatterCandleBubbleRenderer.java	3.0	2	3	10.0	30.0	1.0	2.5	3.0	27.0	1	64	7	2	0	1	1.0	10.0	1.5	1	0.9166666666666666	0	1	1	-0.625	-1.75	-4.455	0.8400000000000001	-4.041666666666667	0.7833333333333334	13	com.github.mikephil.charting.renderer.BarLineScatterCandleBubbleRenderer.XBounds/com.github.mikephil.charting.renderer.BarLineScatterCandleBubbleRenderer
MPChartLib/src/main/java/com/github/mikephil/charting/utils/ViewPortHandler.java	69.0	0	1	3.0	99.0	2346.0	1.1594202518463135	69.0	30.0	0	317	86	1	0	0	1.0	3.0	0.10869565217391304	0	0.0	0	69	69	34.27717391304348	-0.5	-23.724130434782605	15.41304347826087	-1.5	0.2	44	com.github.mikephil.charting.utils.ViewPortHandler
MPChartLib/src/main/java/com/github/mikephil/charting/renderer/AxisRenderer.java	10.0	1	2	7.0	46.0	45.0	3.3333332538604736	10.0	36.0	2	165	16	1	0	1	1.0	7.0	0.23333333333333334	2	0.5238095238095238	4	9	9	3.3083333333333336	1.5	-7.183	3.108	-0.7380952380952381	1.704761904761905	8	com.github.mikephil.charting.renderer.AxisRenderer
MPChartLib/src/main/java/com/github/mikephil/charting/formatter/LargeValueFormatter.java	6.0	3	0	2.0	17.0	15.0	1.0	6.0	11.0	0	33	10	1	0	3	1.0	2.0	0.16666666666666666	0	0.9210526315789473	0	5	5	2.5416666666666665	-0.25	-3.575	1.34	0.9605263157894737	0.9842105263157895	2	com.github.mikephil.charting.formatter.LargeValueFormatter
MPChartLib/src/main/java/com/github/mikephil/charting/renderer/DataRenderer.java	11.0	1	3	6.0	24.0	55.0	1.0	11.0	13.0	1	31	16	1	0	1	1.0	6.0	0.14285714285714285	1	0.5	6	9	9	3.5357142857142856	2.25	-7.872857142857143	3.5371428571428574	0.75	1.9000000000000004	14	com.github.mikephil.charting.renderer.DataRenderer
MPChartLib/src/main/java/com/github/mikephil/charting/highlight/ChartHighlighter.java	10.0	1	2	11.0	70.0	45.0	2.0	10.0	60.0	0	131	12	1	0	1	1.0	11.0	0.22857142857142856	0	0.0	0	2	2	-1.192857142857143	-2.5	-7.184571428571429	0.6874285714285714	-5.0	0.4	5	com.github.mikephil.charting.highlight.ChartHighlighter
MPChartLib/src/test/java/com/github/mikephil/charting/test/ObjectPoolTest.java	6.0	1	0	5.0	33.0	10.0	1.5	6.0	27.0	1	237	9	2	0	1	-0.6666666666666667	5.0	-0.8	0	0.7058823529411765	0	5	5	2.05	-1.4166666666666667	-5.104000000000001	1.444	-1.6470588235294117	0.20784313725490197	2	com.github.mikephil.charting.test.ObjectPoolTest/com.github.mikephil.charting.test.ObjectPoolTest.TestPoolable
MPChartLib/src/main/java/com/github/mikephil/charting/data/Entry.java	7.0	0	5	2.0	12.0	21.0	1.8571428060531616	7.0	5.0	0	70	9	1	1	0	0.5	2.0	0.14285714285714285	0	0.7083333333333334	0	7	7	3.5357142857142856	-0.375	-3.087857142857143	1.997142857142857	-0.6458333333333333	0.2416666666666667	53	com.github.mikephil.charting.data.Entry
MPChartLib/src/test/java/com/github/mikephil/charting/test/LargeValueFormatterTest.java	1.0	0	0	1.0	5.0	0.0	0.5	1.0	4.0	0	80	1	1	0	0	-1.0	1.0	-1.0	0	0.0	0	1	1	0.5	-0.5	-1.6500000000000001	0.32	-0.5	-0.2	0	com.github.mikephil.charting.test.LargeValueFormatterTest
MPChartLib/src/main/java/com/github/mikephil/charting/renderer/BubbleChartRenderer.java	8.0	3	0	16.0	99.0	28.0	3.25	8.0	91.0	1	229	12	1	0	1	1.0	16.0	0.23214285714285715	1	0.75	0	6	6	-0.4419642857142856	-3.25	-8.173392857142858	1.5678571428571428	-7.125	0.7500000000000001	1	com.github.mikephil.charting.renderer.BubbleChartRenderer
MPChartLib/src/main/java/com/github/mikephil/charting/renderer/LineChartRenderer.java	20.0	5	0	24.0	171.0	139.0	5.867647171020508	20.0	151.0	1	774	33	2	0	1	2.0	24.0	0.6150326797385621	1	0.6136363636363636	0	9	9	-0.3462418300653596	-5.0	-14.647039215686275	2.4938039215686274	-11.193181818181818	0.9227272727272728	4	com.github.mikephil.charting.renderer.LineChartRenderer.DataSetImageCache/com.github.mikephil.charting.renderer.LineChartRenderer
MPChartExample/src/main/java/com/xxmassdeveloper/mpchartexample/custom/RadarMarkerView.java	2.0	0	0	6.0	8.0	1.0	1.0	2.0	6.0	0	13	4	1	0	1	1.0	6.0	0.5	0	0.0	0	2	2	0.125	-1.25	-2.805	0.72	-2.5	0.4	1	com.xxmassdeveloper.mpchartexample.custom.RadarMarkerView
MPChartLib/src/main/java/com/github/mikephil/charting/highlight/IHighlighter.java	1.0	0	0	1.0	1.0	0.0	0.5	1.0	0.0	0	0	1	1	0	0	-1.0	1.0	1.0	0	0.0	0	0	0	0.5	-0.5	-0.99	0.33999999999999997	-0.5	-0.2	1	com.github.mikephil.charting.highlight.IHighlighter
MPChartLib/src/main/java/com/github/mikephil/charting/components/MarkerView.java	9.0	0	4	6.0	21.0	36.0	1.5555555820465088	9.0	12.0	2	70	12	1	0	0	0.0	6.0	0.14285714285714285	0	0.0	0	0	0	-0.9642857142857142	-1.5	-5.232857142857143	0.23714285714285716	-3.0	0.0	5	com.github.mikephil.charting.components.MarkerView
MPChartLib/src/main/java/com/github/mikephil/charting/highlight/PieHighlighter.java	1.0	2	0	4.0	7.0	0.0	1.0	1.0	6.0	0	10	1	1	0	2	-1.0	4.0	1.0	0	0.9736842105263158	0	0	0	-0.25	-1.25	-2.64	0.33999999999999997	-0.513157894736842	0.39473684210526316	0	com.github.mikephil.charting.highlight.PieHighlighter
MPChartExample/src/main/java/com/xxmassdeveloper/mpchartexample/InvertedLineChartActivity.java	10.0	0	0	13.0	45.0	45.0	2.090909004211426	10.0	35.0	1	210	13	1	0	0	1.0	13.0	0.13333333333333333	1	0.0	0	7	7	0.7833333333333332	-2.5	-7.546	1.776	-6.5	0.4	1	com.xxmassdeveloper.mpchartexample.InvertedLineChartActivity
MPChartExample/src/main/java/com/xxmassdeveloper/mpchartexample/fragments/PieChartFrag.java	3.0	0	0	3.0	11.0	3.0	0.75	3.0	8.0	1	36	4	1	0	1	1.0	3.0	0.3333333333333333	1	0.0	0	2	2	0.8333333333333334	0.0	-2.2	0.7	-1.0	0.6000000000000001	1	com.xxmassdeveloper.mpchartexample.fragments.PieChartFrag
MPChartLib/src/main/java/com/github/mikephil/charting/data/BarLineScatterCandleBubbleData.java	0.0	1	6	1.0	0.0	0.0	-1.0	0.0	0.0	0	6	0	1	0	1	-1.0	1.0	-1.0	0	1.0	0	0	0	0.0	-0.5	-1.6500000000000001	0.1	0.5	0.2	9	com.github.mikephil.charting.data.BarLineScatterCandleBubbleData
MPChartLib/src/main/java/com/github/mikephil/charting/interfaces/datasets/ILineScatterCandleRadarDataSet.java	4.0	2	3	1.0	4.0	6.0	0.800000011920929	4.0	0.0	0	0	4	1	0	3	-1.0	1.0	-1.0	0	0.9820627802690582	0	0	0	0.0	-0.5	-3.6300000000000003	0.1	1.4910313901345291	0.5964125560538117	4	com.github.mikephil.charting.interfaces.datasets.ILineScatterCandleRadarDataSet
MPChartLib/src/main/java/com/github/mikephil/charting/listener/BarLineChartTouchListener.java	19.0	0	0	7.0	49.0	171.0	3.78947377204895	19.0	30.0	5	480	33	1	0	1	1.0	7.0	0.25	5	0.0	0	10	10	3.8125	1.0	-8.8275	2.45	-3.0	1.4	1	com.github.mikephil.charting.listener.BarLineChartTouchListener
MPChartLib/src/test/java/com/github/mikephil/charting/test/DataSetTest.java	4.0	0	0	4.0	37.0	6.0	0.800000011920929	4.0	33.0	0	210	4	1	0	0	-1.0	4.0	-1.0	0	0.0	0	4	4	1.25	-1.25	-3.63	0.98	-2.0	-0.2	0	com.github.mikephil.charting.test.DataSetTest
MPChartLib/src/main/java/com/github/mikephil/charting/interfaces/datasets/IRadarDataSet.java	8.0	4	0	1.0	8.0	28.0	0.8888888955116272	8.0	0.0	0	0	8	1	0	7	-1.0	1.0	0.125	0	0.9869494290375204	0	0	0	0.28125	-0.5	-5.898750000000001	0.235	3.49347471451876	1.3973898858075042	2	com.github.mikephil.charting.interfaces.datasets.IRadarDataSet
MPChartLib/src/main/java/com/github/mikephil/charting/formatter/DefaultValueFormatter.java	3.0	3	0	2.0	7.0	3.0	1.3333333730697632	3.0	4.0	0	23	5	1	0	3	1.0	2.0	0.3333333333333333	0	0.958904109589041	0	3	3	1.5833333333333333	-0.25	-2.5300000000000002	0.92	0.9794520547945205	0.9917808219178083	2	com.github.mikephil.charting.formatter.DefaultValueFormatter
MPChartLib/src/main/java/com/github/mikephil/charting/jobs/MoveViewJob.java	4.0	2	0	6.0	14.0	6.0	1.0	4.0	10.0	1	28	5	1	0	1	1.0	6.0	0.25	0	0.8666666666666667	0	3	3	0.5625	-1.25	-3.5475000000000003	0.91	-2.0666666666666664	0.5733333333333334	1	com.github.mikephil.charting.jobs.MoveViewJob
MPChartExample/src/main/java/com/xxmassdeveloper/mpchartexample/listviewitems/PieChartItem.java	3.0	1	0	6.0	22.0	3.0	1.3333333730697632	3.0	19.0	1	69	6	2	0	1	1.0	6.0	-0.6666666666666667	1	0.8125	0	2	2	0.33333333333333326	-0.75	-3.8500000000000005	0.8	-2.09375	0.7625000000000001	1	com.xxmassdeveloper.mpchartexample.listviewitems.PieChartItem/com.xxmassdeveloper.mpchartexample.listviewitems.PieChartItem.ViewHolder
MPChartLib/src/main/java/com/github/mikephil/charting/interfaces/dataprovider/ChartInterface.java	14.0	0	1	3.0	14.0	91.0	0.9333333373069763	14.0	0.0	0	0	14	1	1	0	-1.0	3.0	-1.0	0	0.0	0	0	0	-0.5	-1.0	-6.6	0.32	-1.5	-0.2	8	com.github.mikephil.charting.interfaces.dataprovider.ChartInterface
MPChartLib/src/main/java/com/github/mikephil/charting/interfaces/dataprovider/BubbleDataProvider.java	1.0	2	1	2.0	1.0	0.0	0.5	1.0	0.0	0	0	1	1	0	2	-1.0	2.0	-1.0	0	0.9850746268656716	0	0	0	-0.25	-0.75	-2.64	0.1	0.4925373134328358	0.3970149253731343	3	com.github.mikephil.charting.interfaces.dataprovider.BubbleDataProvider
MPChartExample/src/main/java/com/xxmassdeveloper/mpchartexample/fragments/ScatterChartFrag.java	2.0	0	0	6.0	16.0	1.0	0.6666666865348816	2.0	14.0	1	42	3	1	0	1	1.0	6.0	0.5	1	0.0	0	2	2	0.125	-0.75	-2.805	0.72	-2.5	0.6000000000000001	1	com.xxmassdeveloper.mpchartexample.fragments.ScatterChartFrag
MPChartExample/src/main/java/com/xxmassdeveloper/mpchartexample/ListViewMultiChartActivity.java	10.0	0	0	11.0	34.0	24.0	2.375	10.0	24.0	0	147	10	2	0	1	-1.0	11.0	0.623015873015873	0	0.0	0	3	3	-0.09424603174603163	-3.0	-8.044404761904763	1.174761904761905	-5.0	0.0	0	com.xxmassdeveloper.mpchartexample.ListViewMultiChartActivity.ChartDataAdapter/com.xxmassdeveloper.mpchartexample.ListViewMultiChartActivity
MPChartExample/src/main/java/com/xxmassdeveloper/mpchartexample/listviewitems/BarChartItem.java	2.0	1	0	5.0	14.0	1.0	1.5	2.0	12.0	1	63	4	2	0	1	1.0	5.0	-0.5	1	0.8666666666666667	0	2	2	0.625	-0.5	-3.1350000000000002	0.8200000000000001	-1.5666666666666667	0.7733333333333334	1	com.xxmassdeveloper.mpchartexample.listviewitems.BarChartItem/com.xxmassdeveloper.mpchartexample.listviewitems.BarChartItem.ViewHolder
MPChartExample/src/main/java/com/xxmassdeveloper/mpchartexample/LineChartActivity2.java	10.0	0	0	15.0	82.0	45.0	2.454545497894287	10.0	72.0	1	330	13	1	0	0	1.0	15.0	0.13333333333333333	1	0.0	0	7	7	0.2833333333333332	-3.0	-8.206000000000001	1.776	-7.5	0.4	1	com.xxmassdeveloper.mpchartexample.LineChartActivity2
MPChartExample/src/main/java/com/xxmassdeveloper/mpchartexample/BarChartActivityMultiDataset.java	9.0	0	0	12.0	55.0	36.0	2.200000047683716	9.0	46.0	1	222	12	1	0	0	1.0	12.0	0.1388888888888889	1	0.0	0	7	7	1.0347222222222223	-2.25	-6.884166666666667	1.7766666666666666	-6.0	0.4	1	com.xxmassdeveloper.mpchartexample.BarChartActivityMultiDataset
MPChartLib/src/main/java/com/github/mikephil/charting/listener/OnDrawLineChartTouchListener.java	1.0	0	0	0.0	1.0	0.0	0.5	1.0	0.0	0	3	1	1	0	0	0.0	0.0	1.0	0	0.0	0	0	0	0.75	0.0	-0.33	0.33999999999999997	0.0	0.0	0	com.github.mikephil.charting.listener.OnDrawLineChartTouchListener
MPChartLib/src/main/java/com/github/mikephil/charting/interfaces/datasets/IBarDataSet.java	7.0	2	0	1.0	7.0	21.0	0.875	7.0	0.0	0	0	7	1	0	3	-1.0	1.0	-1.0	0	0.9690265486725663	0	0	0	0.0	-0.5	-4.62	0.1	1.4845132743362832	0.5938053097345133	14	com.github.mikephil.charting.interfaces.datasets.IBarDataSet
MPChartLib/src/main/java/com/github/mikephil/charting/interfaces/datasets/IPieDataSet.java	12.0	1	0	1.0	12.0	66.0	0.9230769276618958	12.0	0.0	0	0	12	1	0	1	-1.0	1.0	-1.0	0	0.8518518518518519	0	0	0	0.0	-0.5	-5.61	0.1	0.42592592592592593	0.1703703703703704	4	com.github.mikephil.charting.interfaces.datasets.IPieDataSet
MPChartLib/src/main/java/com/github/mikephil/charting/components/LegendEntry.java	0.0	0	0	0.0	0.0	0.0	-1.0	0.0	0.0	0	15	6	1	0	0	0.0	0.0	-1.0	0	0.0	0	0	0	0.25	0.0	-0.66	0.1	0.0	0.0	2	com.github.mikephil.charting.components.LegendEntry
MPChartExample/src/main/java/com/xxmassdeveloper/mpchartexample/custom/YearXAxisFormatter.java	1.0	3	0	3.0	1.0	0.0	1.0	1.0	0.0	0	9	2	1	0	3	1.0	3.0	1.0	0	0.9859154929577465	0	1	1	0.5	-0.5	-1.98	0.5599999999999999	0.49295774647887325	0.9971830985915493	1	com.xxmassdeveloper.mpchartexample.custom.YearXAxisFormatter
MPChartLib/src/main/java/com/github/mikephil/charting/renderer/scatter/SquareShapeRenderer.java	1.0	1	0	3.0	9.0	0.0	1.5	1.0	8.0	0	43	1	1	0	1	-1.0	3.0	1.0	0	0.0	0	1	1	0.5	-1.0	-1.9800000000000002	0.5599999999999999	-1.0	0.0	0	com.github.mikephil.charting.renderer.scatter.SquareShapeRenderer
MPChartLib/src/main/java/com/github/mikephil/charting/charts/HorizontalBarChart.java	15.0	0	0	16.0	66.0	105.0	1.7333333492279053	15.0	51.0	0	179	17	1	0	1	1.0	16.0	0.16666666666666666	0	0.0	0	12	12	2.5416666666666665	-3.75	-10.505	2.8800000000000003	-7.5	0.4	1	com.github.mikephil.charting.charts.HorizontalBarChart
MPChartLib/src/main/java/com/github/mikephil/charting/formatter/DefaultAxisValueFormatter.java	2.0	3	0	2.0	3.0	1.0	1.0	2.0	1.0	0	17	4	1	0	3	1.0	2.0	0.5	0	0.9722222222222222	0	2	2	1.125	-0.25	-2.145	0.72	0.9861111111111112	0.9944444444444445	2	com.github.mikephil.charting.formatter.DefaultAxisValueFormatter
MPChartLib/src/main/java/com/github/mikephil/charting/interfaces/datasets/IDataSet.java	58.0	0	2	3.0	58.0	1653.0	0.9830508232116699	58.0	0.0	0	0	58	1	1	0	-1.0	3.0	0.048589341692789965	0	0.0	0	0	0	-0.23785266457680254	-1.0	-20.77396551724138	0.4458307210031348	-1.5	-0.2	53	com.github.mikephil.charting.interfaces.datasets.IDataSet
MPChartExample/src/main/java/com/xxmassdeveloper/mpchartexample/listviewitems/LineChartItem.java	2.0	1	0	4.0	12.0	1.0	1.5	2.0	10.0	1	59	4	2	0	1	1.0	4.0	-0.5	1	0.8666666666666667	0	2	2	0.875	-0.25	-2.805	0.8200000000000001	-1.0666666666666667	0.7733333333333334	1	com.xxmassdeveloper.mpchartexample.listviewitems.LineChartItem.ViewHolder/com.xxmassdeveloper.mpchartexample.listviewitems.LineChartItem
MPChartLib/src/main/java/com/github/mikephil/charting/jobs/AnimatedMoveViewJob.java	5.0	0	0	6.0	10.0	10.0	1.0	5.0	5.0	1	32	6	1	0	1	1.0	6.0	0.2	0	0.0	0	4	4	1.05	-1.25	-3.894	1.124	-2.5	0.4	1	com.github.mikephil.charting.jobs.AnimatedMoveViewJob
MPChartLib/src/main/java/com/github/mikephil/charting/animation/ChartAnimator.java	13.0	0	0	2.0	23.0	78.0	1.4615384340286255	13.0	10.0	0	89	16	1	0	0	1.0	2.0	0.4358974358974359	0	0.0	0	11	11	5.608974358974359	-0.25	-4.806153846153847	2.6923076923076925	-1.0	0.2	14	com.github.mikephil.charting.animation.ChartAnimator
MPChartLib/src/main/java/com/github/mikephil/charting/data/BubbleDataSet.java	8.0	8	0	6.0	18.0	28.0	1.125	8.0	10.0	0	37	11	1	0	9	1.0	6.0	0.125	0	0.990521327014218	0	6	6	2.03125	-1.25	-7.54875	1.555	1.995260663507109	2.1981042654028435	2	com.github.mikephil.charting.data.BubbleDataSet
MPChartLib/src/main/java/com/github/mikephil/charting/interfaces/datasets/ILineDataSet.java	14.0	4	0	2.0	14.0	91.0	0.9333333373069763	14.0	0.0	0	2	14	1	0	7	-1.0	2.0	0.07142857142857142	0	0.9773828756058158	0	0	0	0.01785714285714285	-0.75	-8.226428571428572	0.22857142857142856	2.988691437802908	1.3954765751211633	6	com.github.mikephil.charting.interfaces.datasets.ILineDataSet
MPChartLib/src/main/java/com/github/mikephil/charting/interfaces/dataprovider/BarDataProvider.java	4.0	2	1	2.0	4.0	6.0	0.800000011920929	4.0	0.0	0	0	4	1	0	2	-1.0	2.0	-1.0	0	0.9428571428571428	0	0	0	-0.25	-0.75	-3.63	0.1	0.4714285714285714	0.38857142857142857	6	com.github.mikephil.charting.interfaces.dataprovider.BarDataProvider
MPChartLib/src/main/java/com/github/mikephil/charting/components/LimitLine.java	15.0	1	0	3.0	17.0	105.0	1.1333333253860474	15.0	2.0	0	44	22	1	0	1	1.0	3.0	0.08	0	0.6052631578947368	0	15	15	7.27	-0.5	-6.243600000000001	3.5296	-0.6973684210526316	0.5210526315789474	8	com.github.mikephil.charting.components.LimitLine
MPChartExample/src/main/java/com/xxmassdeveloper/mpchartexample/DynamicalAddingActivity.java	11.0	0	0	10.0	51.0	55.0	2.0833332538604736	11.0	40.0	1	186	13	1	0	1	1.0	10.0	0.09090909090909091	1	0.0	0	4	4	0.02272727272727293	-1.75	-7.23	1.1109090909090908	-4.5	0.6000000000000001	1	com.xxmassdeveloper.mpchartexample.DynamicalAddingActivity
MPChartLib/src/main/java/com/github/mikephil/charting/renderer/BarChartRenderer.java	9.0	3	1	20.0	135.0	36.0	4.777777671813965	9.0	126.0	2	444	15	1	0	1	1.0	20.0	0.19753086419753085	2	0.7272727272727273	0	6	6	-1.450617283950617	-3.75	-9.834814814814816	1.5637037037037038	-9.136363636363637	0.9454545454545455	2	com.github.mikephil.charting.renderer.BarChartRenderer
MPChartLib/src/main/java/com/github/mikephil/charting/components/MarkerImage.java	10.0	1	0	7.0	21.0	45.0	2.0999999046325684	10.0	11.0	3	101	17	1	0	1	1.0	7.0	0.12857142857142856	3	0.0	0	10	10	3.782142857142857	0.0	-5.897571428571429	2.435428571428572	-3.0	1.0	1	com.github.mikephil.charting.components.MarkerImage
MPChartExample/src/main/java/com/xxmassdeveloper/mpchartexample/notimportant/MyAdapter.java	1.0	0	0	1.0	1.0	0.0	3.0	1.0	0.0	0	40	4	2	0	0	0.0	1.0	0.0	0	0.0	0	0	0	0.75	-0.25	-1.32	0.44	-0.5	0.0	1	com.xxmassdeveloper.mpchartexample.notimportant.MyAdapter/com.xxmassdeveloper.mpchartexample.notimportant.MyAdapter.ViewHolder
MPChartExample/src/main/java/com/xxmassdeveloper/mpchartexample/BarChartPositiveNegative.java	6.0	3	0	11.0	47.0	10.0	1.3333333730697632	6.0	41.0	1	159	11	3	0	4	2.0	11.0	0.19999999999999996	1	0.9859154929577465	0	4	4	0.7999999999999998	-1.75	-7.194000000000001	1.564	-3.007042253521127	1.5971830985915494	2	com.xxmassdeveloper.mpchartexample.BarChartPositiveNegative.Formatter/com.xxmassdeveloper.mpchartexample.BarChartPositiveNegative/com.xxmassdeveloper.mpchartexample.BarChartPositiveNegative.Data
MPChartExample/src/main/java/com/xxmassdeveloper/mpchartexample/notimportant/DemoBase.java	7.0	0	32	2.0	11.0	21.0	1.4285714626312256	7.0	4.0	0	50	12	1	0	0	0.0	2.0	0.14285714285714285	0	0.0	0	0	0	0.0357142857142857	-0.5	-3.252857142857143	0.23714285714285716	-1.0	0.0	33	com.xxmassdeveloper.mpchartexample.notimportant.DemoBase
MPChartLib/src/main/java/com/github/mikephil/charting/highlight/Range.java	3.0	0	0	1.0	3.0	3.0	1.3333333730697632	3.0	0.0	0	13	5	1	0	0	0.0	1.0	1.0	0	0.0	0	3	3	2.0	-0.25	-1.32	1.0	-0.5	0.0	2	com.github.mikephil.charting.highlight.Range
MPChartLib/src/main/java/com/github/mikephil/charting/listener/ChartTouchListener.java	7.0	0	2	3.0	14.0	21.0	1.4285714626312256	7.0	7.0	1	37	19	1	0	0	0.0	3.0	0.2857142857142857	0	0.0	0	0	0	-0.1785714285714286	-0.75	-3.5357142857142856	0.2542857142857143	-1.5	0.0	4	com.github.mikephil.charting.listener.ChartTouchListener
MPChartLib/src/main/java/com/github/mikephil/charting/formatter/IndexAxisValueFormatter.java	3.0	3	0	2.0	5.0	3.0	1.6666666269302368	3.0	2.0	0	25	5	1	0	3	1.0	2.0	0.3333333333333333	0	0.958904109589041	0	3	3	1.5833333333333333	-0.25	-2.5300000000000002	0.92	0.9794520547945205	0.9917808219178083	1	com.github.mikephil.charting.formatter.IndexAxisValueFormatter
MPChartLib/src/main/java/com/github/mikephil/charting/charts/BarLineChartBase.java	104.0	0	6	23.0	231.0	5356.0	1.6538461446762085	104.0	127.0	10	785	138	1	0	2	1.0	23.0	0.05425824175824176	10	0.0	0	94	94	41.76356456043956	-0.5	-42.55209478021978	20.906510989010986	-10.5	2.6	7	com.github.mikephil.charting.charts.BarLineChartBase
MPChartLib/src/main/java/com/github/mikephil/charting/formatter/PercentFormatter.java	2.0	3	0	3.0	5.0	1.0	1.5	2.0	3.0	1	17	4	1	0	3	0.5	3.0	0.75	1	0.9722222222222222	0	2	2	0.9375	-0.125	-2.5575	0.75	0.4861111111111111	1.0944444444444446	1	com.github.mikephil.charting.formatter.PercentFormatter
MPChartLib/src/main/java/com/github/mikephil/charting/utils/TransformerHorizontalBarChart.java	1.0	1	0	2.0	11.0	0.0	2.0	1.0	10.0	0	25	1	1	0	1	-1.0	2.0	1.0	0	0.9714285714285714	0	1	1	0.75	-0.75	-1.6500000000000001	0.5599999999999999	-0.01428571428571429	0.19428571428571428	0	com.github.mikephil.charting.utils.TransformerHorizontalBarChart
MPChartLib/src/main/java/com/github/mikephil/charting/interfaces/dataprovider/ScatterDataProvider.java	1.0	2	1	2.0	1.0	0.0	0.5	1.0	0.0	0	0	1	1	0	2	-1.0	2.0	-1.0	0	0.9850746268656716	0	0	0	-0.25	-0.75	-2.64	0.1	0.4925373134328358	0.3970149253731343	3	com.github.mikephil.charting.interfaces.dataprovider.ScatterDataProvider
MPChartLib/src/main/java/com/github/mikephil/charting/renderer/YAxisRenderer.java	9.0	2	2	9.0	94.0	36.0	2.777777671813965	9.0	85.0	1	260	19	1	0	1	1.0	9.0	0.24444444444444444	1	0.7	0	5	5	0.8111111111111109	-1.5	-6.189333333333334	1.3493333333333335	-3.65	0.7400000000000001	4	com.github.mikephil.charting.renderer.YAxisRenderer
MPChartExample/src/main/java/com/xxmassdeveloper/mpchartexample/BarChartActivity.java	10.0	0	0	16.0	69.0	45.0	2.3636362552642822	10.0	59.0	1	255	14	1	0	0	1.0	16.0	0.13333333333333333	1	0.0	0	7	7	0.033333333333333215	-3.25	-8.536000000000001	1.776	-8.0	0.4	1	com.xxmassdeveloper.mpchartexample.BarChartActivity
MPChartLib/src/main/java/com/github/mikephil/charting/renderer/LineRadarRenderer.java	3.0	4	2	4.0	15.0	3.0	1.6666666269302368	3.0	12.0	0	50	3	1	0	1	-1.0	4.0	0.5	0	0.8928571428571429	0	0	0	-0.375	-1.25	-3.135	0.28	-1.0535714285714286	0.1785714285714286	3	com.github.mikephil.charting.renderer.LineRadarRenderer
MPChartLib/src/main/java/com/github/mikephil/charting/utils/FileUtils.java	4.0	0	0	3.0	20.0	6.0	1.7999999523162842	4.0	16.0	0	244	5	1	0	0	1.0	3.0	0.5833333333333334	0	0.0	0	4	4	1.8958333333333335	-0.5	-2.1175	1.17	-1.5	0.2	1	com.github.mikephil.charting.utils.FileUtils
MPChartExample/src/main/java/com/xxmassdeveloper/mpchartexample/notimportant/MainActivity.java	4.0	0	0	0.0	5.0	6.0	7.800000190734863	4.0	1.0	0	213	4	1	0	0	0.0	0.0	0.25	0	0.0	0	0	0	0.5625	0.0	-1.5675000000000001	0.25	0.0	0.0	0	com.xxmassdeveloper.mpchartexample.notimportant.MainActivity
MPChartLib/src/main/java/com/github/mikephil/charting/charts/PieRadarChartBase.java	26.0	0	2	11.0	71.0	325.0	2.1818182468414307	26.0	45.0	0	285	30	1	0	1	1.0	11.0	0.08974358974358974	0	0.0	4	22	22	8.772435897435898	-0.5	-13.830384615384615	5.950769230769231	-3.0	1.2000000000000002	3	com.github.mikephil.charting.charts.PieRadarChartBase
MPChartLib/src/main/java/com/github/mikephil/charting/formatter/ValueFormatter.java	11.0	2	12	10.0	16.0	55.0	0.9166666865348816	11.0	5.0	0	26	11	1	0	1	-1.0	10.0	0.16363636363636364	0	0.0	0	11	11	3.540909090909091	-2.75	-7.8660000000000005	2.6596363636363636	-4.5	0.0	32	com.github.mikephil.charting.formatter.ValueFormatter
MPChartLib/src/test/java/com/github/mikephil/charting/test/AxisRendererTest.java	1.0	0	0	2.0	8.0	0.0	0.5	1.0	7.0	0	87	1	1	0	0	-1.0	2.0	-1.0	0	0.0	0	1	1	0.25	-0.75	-1.9800000000000002	0.32	-1.0	-0.2	0	com.github.mikephil.charting.test.AxisRendererTest
MPChartLib/src/main/java/com/github/mikephil/charting/data/BaseDataSet.java	58.0	1	1	7.0	83.0	1653.0	1.1551724672317505	58.0	25.0	3	238	76	1	0	1	1.0	7.0	0.03771551724137931	3	0.0	0	57	57	27.259428879310345	0.0	-21.767553879310345	12.764525862068966	-3.0	1.0	36	com.github.mikephil.charting.data.BaseDataSet
MPChartLib/src/main/java/com/github/mikephil/charting/data/RadarEntry.java	4.0	0	0	2.0	8.0	6.0	1.0	4.0	4.0	0	17	4	1	0	1	-1.0	2.0	0.25	0	0.0	0	4	4	2.0625	-0.75	-2.8875	1.1300000000000001	-0.5	0.0	2	com.github.mikephil.charting.data.RadarEntry
MPChartLib/src/main/java/com/github/mikephil/charting/renderer/XAxisRenderer.java	14.0	2	2	13.0	123.0	91.0	2.7142856121063232	14.0	109.0	1	318	22	1	0	1	0.875	13.0	0.21428571428571427	1	0.6	0	8	8	1.3035714285714284	-2.53125	-9.210535714285713	2.005714285714286	-5.7	0.695	5	com.github.mikephil.charting.renderer.XAxisRenderer
MPChartLib/src/main/java/com/github/mikephil/charting/components/YAxis.java	31.0	2	0	4.0	60.0	465.0	1.1612902879714966	31.0	29.0	0	129	45	1	0	1	1.0	4.0	0.1032258064516129	0	0.7304347826086957	0	31	31	15.025806451612903	-0.75	-11.845935483870969	7.0523870967741935	-1.134782608695652	0.5460869565217392	21	com.github.mikephil.charting.components.YAxis
MPChartLib/src/main/java/com/github/mikephil/charting/renderer/scatter/IShapeRenderer.java	1.0	0	0	2.0	1.0	0.0	0.5	1.0	0.0	0	1	1	1	0	0	-1.0	2.0	1.0	0	0.0	0	0	0	0.25	-0.75	-1.32	0.33999999999999997	-1.0	-0.2	2	com.github.mikephil.charting.renderer.scatter.IShapeRenderer
MPChartLib/src/main/java/com/github/mikephil/charting/renderer/scatter/XShapeRenderer.java	1.0	1	0	3.0	5.0	0.0	0.5	1.0	4.0	0	22	1	1	0	1	-1.0	3.0	1.0	0	0.0	0	1	1	0.5	-1.0	-1.9800000000000002	0.5599999999999999	-1.0	0.0	0	com.github.mikephil.charting.renderer.scatter.XShapeRenderer
MPChartLib/src/main/java/com/github/mikephil/charting/interfaces/datasets/IScatterDataSet.java	4.0	3	0	2.0	4.0	6.0	0.800000011920929	4.0	0.0	0	0	4	1	0	5	-1.0	2.0	-1.0	0	0.99	0	0	0	-0.25	-0.75	-4.62	0.1	1.995	0.998	12	com.github.mikephil.charting.interfaces.datasets.IScatterDataSet
MPChartLib/src/main/java/com/github/mikephil/charting/data/filter/Approximator.java	4.0	0	0	3.0	14.0	2.0	2.333333373069763	4.0	10.0	0	86	10	2	0	0	0.0	3.0	1.25	0	0.0	0	3	3	2.0625	-0.75	-2.5575	1.25	-1.5	0.0	4	com.github.mikephil.charting.data.filter.Approximator.Line/com.github.mikephil.charting.data.filter.Approximator
MPChartLib/src/main/java/com/github/mikephil/charting/components/ComponentBase.java	12.0	0	4	2.0	14.0	66.0	1.1666666269302368	12.0	2.0	0	32	18	1	1	0	1.0	2.0	0.125	0	0.0	0	12	12	6.03125	-0.25	-4.57875	3.0950000000000006	-1.0	0.2	43	com.github.mikephil.charting.components.ComponentBase
MPChartExample/src/main/java/com/xxmassdeveloper/mpchartexample/AnotherBarActivity.java	7.0	0	0	8.0	23.0	21.0	2.5	7.0	16.0	1	161	10	1	0	0	1.0	8.0	0.19047619047619047	1	0.0	0	5	5	1.0476190476190477	-1.25	-4.887142857142857	1.342857142857143	-4.0	0.4	1	com.xxmassdeveloper.mpchartexample.AnotherBarActivity
MPChartExample/src/main/java/com/xxmassdeveloper/mpchartexample/HalfPieChartActivity.java	7.0	0	0	7.0	33.0	21.0	1.0	7.0	26.0	1	119	8	1	0	1	1.0	7.0	0.14285714285714285	1	0.0	0	3	3	0.2857142857142858	-1.0	-4.902857142857143	0.8971428571428571	-3.0	0.6000000000000001	1	com.xxmassdeveloper.mpchartexample.HalfPieChartActivity
MPChartExample/src/main/java/com/xxmassdeveloper/mpchartexample/custom/MyValueFormatter.java	2.0	3	0	3.0	3.0	1.0	2.0	2.0	1.0	0	15	4	1	0	3	1.0	3.0	0.75	0	0.9722222222222222	0	2	2	0.9375	-0.5	-2.3925	0.75	0.4861111111111111	0.9944444444444445	1	com.xxmassdeveloper.mpchartexample.custom.MyValueFormatter
MPChartLib/src/main/java/com/github/mikephil/charting/renderer/scatter/ChevronDownShapeRenderer.java	1.0	1	0	3.0	5.0	0.0	0.5	1.0	4.0	0	22	1	1	0	1	-1.0	3.0	1.0	0	0.0	0	1	1	0.5	-1.0	-1.9800000000000002	0.5599999999999999	-1.0	0.0	0	com.github.mikephil.charting.renderer.scatter.ChevronDownShapeRenderer
MPChartExample/src/main/java/com/xxmassdeveloper/mpchartexample/LineChartActivity1.java	10.0	0	0	14.0	78.0	45.0	2.6363637447357178	10.0	68.0	1	368	13	1	0	0	1.0	14.0	0.13333333333333333	1	0.0	0	7	7	0.5333333333333332	-2.75	-7.876000000000001	1.776	-7.0	0.4	1	com.xxmassdeveloper.mpchartexample.LineChartActivity1
MPChartLib/src/main/java/com/github/mikephil/charting/data/LineDataSet.java	34.0	14	0	6.0	54.0	561.0	1.2058823108673096	34.0	20.0	1	160	44	1	0	22	1.0	6.0	0.05555555555555555	1	0.9852302345786272	0	33	33	15.51388888888889	-0.75	-20.441666666666666	7.486666666666666	8.492615117289313	4.9970460469157265	16	com.github.mikephil.charting.data.LineDataSet
MPChartExample/src/main/java/com/xxmassdeveloper/mpchartexample/MultiLineChartActivity.java	17.0	0	0	9.0	60.0	136.0	1.8888888359069824	17.0	43.0	1	267	21	1	0	0	1.0	9.0	0.12299465240641712	1	0.0	0	15	15	5.780748663101605	-1.5	-8.539411764705884	3.53475935828877	-4.5	0.4	1	com.xxmassdeveloper.mpchartexample.MultiLineChartActivity
MPChartLib/src/main/java/com/github/mikephil/charting/renderer/HorizontalBarChartRenderer.java	7.0	4	0	20.0	112.0	21.0	5.5714287757873535	7.0	105.0	0	375	8	1	0	1	1.0	20.0	0.20634920634920634	0	0.825	0	3	3	-2.9484126984126986	-4.75	-9.171904761904763	0.9047619047619048	-9.0875	0.5650000000000001	1	com.github.mikephil.charting.renderer.HorizontalBarChartRenderer
MPChartLib/src/main/java/com/github/mikephil/charting/charts/RadarChart.java	27.0	0	0	13.0	62.0	351.0	1.3333333730697632	27.0	35.0	3	153	37	1	0	1	1.0	13.0	0.08333333333333333	3	0.0	0	22	22	8.270833333333334	-1.5	-13.5025	5.069999999999999	-6.0	1.0	1	com.github.mikephil.charting.charts.RadarChart
MPChartLib/src/main/java/com/github/mikephil/charting/data/PieData.java	6.0	1	0	6.0	23.0	15.0	1.0	6.0	17.0	0	29	6	1	0	1	-1.0	6.0	0.16666666666666666	0	0.896551724137931	0	6	6	2.041666666666667	-1.75	-4.895	1.56	-2.0517241379310347	0.17931034482758623	5	com.github.mikephil.charting.data.PieData
MPChartExample/src/main/java/com/xxmassdeveloper/mpchartexample/LineChartTime.java	8.0	0	0	11.0	75.0	28.0	2.777777671813965	8.0	67.0	1	248	11	1	0	0	1.0	11.0	0.17857142857142858	1	0.0	0	5	5	0.2946428571428572	-2.0	-6.2110714285714295	1.3414285714285714	-5.5	0.4	1	com.xxmassdeveloper.mpchartexample.LineChartTime
MPChartExample/src/main/java/com/xxmassdeveloper/mpchartexample/fragments/SimpleChartDemo.java	6.0	0	0	1.0	6.0	7.0	4.5	6.0	0.0	0	108	6	2	0	1	-1.0	1.0	0.75	0	0.0	0	3	3	2.4375	-0.5	-3.3825000000000003	1.19	0.0	0.0	0	com.xxmassdeveloper.mpchartexample.fragments.SimpleChartDemo.PageAdapter/com.xxmassdeveloper.mpchartexample.fragments.SimpleChartDemo
MPChartLib/src/main/java/com/github/mikephil/charting/components/XAxis.java	6.0	2	0	2.0	7.0	15.0	1.0	6.0	1.0	0	18	13	1	0	1	0.42857142857142855	2.0	0.16666666666666666	0	0.9333333333333333	0	6	6	3.0416666666666665	-0.39285714285714285	-3.1035714285714286	1.56	-0.033333333333333326	0.47238095238095235	26	com.github.mikephil.charting.components.XAxis
MPChartLib/src/main/java/com/github/mikephil/charting/components/IMarker.java	4.0	0	0	3.0	4.0	6.0	0.800000011920929	4.0	0.0	0	0	4	1	0	0	-1.0	3.0	0.3125	0	0.0	0	0	0	-0.171875	-1.0	-2.8668750000000003	0.2575	-1.5	-0.2	2	com.github.mikephil.charting.components.IMarker
MPChartExample/src/main/java/com/xxmassdeveloper/mpchartexample/RadarChartActivity.java	5.0	0	0	12.0	61.0	10.0	3.3333332538604736	5.0	56.0	1	208	6	1	0	1	1.0	12.0	0.2	1	0.0	0	2	2	-1.4500000000000002	-2.25	-5.8740000000000006	0.684	-5.5	0.6000000000000001	1	com.xxmassdeveloper.mpchartexample.RadarChartActivity
MPChartLib/src/main/java/com/github/mikephil/charting/renderer/scatter/ChevronUpShapeRenderer.java	1.0	1	0	3.0	5.0	0.0	0.5	1.0	4.0	0	23	1	1	0	1	-1.0	3.0	1.0	0	0.0	0	1	1	0.5	-1.0	-1.9800000000000002	0.5599999999999999	-1.0	0.0	0	com.github.mikephil.charting.renderer.scatter.ChevronUpShapeRenderer
MPChartLib/src/main/java/com/github/mikephil/charting/data/RadarData.java	4.0	1	0	5.0	13.0	6.0	1.0	4.0	9.0	0	15	5	1	0	1	1.0	5.0	0.25	0	0.9285714285714286	0	4	4	1.3125	-1.0	-3.2175000000000002	1.1300000000000001	-1.5357142857142856	0.5857142857142857	1	com.github.mikephil.charting.data.RadarData
MPChartLib/src/main/java/com/github/mikephil/charting/jobs/ViewPortJob.java	2.0	1	3	2.0	2.0	1.0	1.0	2.0	0.0	2	13	8	1	1	0	1.0	2.0	-1.0	2	0.8571428571428571	0	2	2	0.75	0.75	-1.6500000000000001	0.76	-0.5714285714285714	0.7714285714285716	4	com.github.mikephil.charting.jobs.ViewPortJob
MPChartExample/src/main/java/com/xxmassdeveloper/mpchartexample/listviewitems/ChartItem.java	2.0	0	3	0.0	2.0	1.0	-1.0	2.0	0.0	1	2	6	1	0	0	0.0	0.0	0.5	0	0.0	2	2	2	1.625	1.0	-1.485	1.16	1.0	0.4	4	com.xxmassdeveloper.mpchartexample.listviewitems.ChartItem
MPChartExample/src/main/java/com/xxmassdeveloper/mpchartexample/CubicLineChartActivity.java	8.0	0	0	11.0	52.0	28.0	2.777777671813965	8.0	44.0	1	256	11	1	0	0	1.0	11.0	0.17857142857142858	1	0.0	0	5	5	0.2946428571428572	-2.0	-6.2110714285714295	1.3414285714285714	-5.5	0.4	1	com.xxmassdeveloper.mpchartexample.CubicLineChartActivity
MPChartLib/src/main/java/com/github/mikephil/charting/formatter/IValueFormatter.java	1.0	0	0	2.0	1.0	0.0	0.5	1.0	0.0	0	1	1	1	0	0	-1.0	2.0	1.0	0	0.0	0	0	0	0.25	-0.75	-1.32	0.33999999999999997	-1.0	-0.2	0	com.github.mikephil.charting.formatter.IValueFormatter
MPChartLib/src/main/java/com/github/mikephil/charting/utils/MPPointD.java	5.0	1	0	3.0	12.0	10.0	1.0	5.0	7.0	1	19	8	1	0	1	0.3333333333333333	3.0	0.2	0	0.7058823529411765	0	4	4	1.8	-0.6666666666666666	-3.1240000000000006	1.124	-0.6470588235294117	0.40784313725490196	10	com.github.mikephil.charting.utils.MPPointD
MPChartExample/src/main/java/com/xxmassdeveloper/mpchartexample/ScrollViewActivity.java	5.0	0	0	5.0	13.0	10.0	1.0	5.0	8.0	1	65	6	1	0	1	1.0	5.0	0.2	1	0.0	0	3	3	0.8	-0.5	-3.564	0.904	-2.0	0.6000000000000001	1	com.xxmassdeveloper.mpchartexample.ScrollViewActivity
MPChartExample/src/main/java/com/xxmassdeveloper/mpchartexample/notimportant/ContentItem.java	0.0	0	0	0.0	0.0	0.0	-1.0	0.0	0.0	0	7	3	1	0	0	0.0	0.0	-1.0	0	0.0	0	0	0	0.25	0.0	-0.66	0.1	0.0	0.0	0	com.xxmassdeveloper.mpchartexample.notimportant.ContentItem
MPChartLib/src/main/java/com/github/mikephil/charting/charts/CombinedChart.java	18.0	0	0	15.0	58.0	153.0	1.6666666269302368	18.0	40.0	0	127	22	1	0	8	1.0	15.0	0.07777777777777778	0	0.0	0	16	16	4.769444444444444	-3.5	-13.504333333333333	3.7493333333333334	-3.5	1.8	1	com.github.mikephil.charting.charts.CombinedChart
MPChartLib/src/main/java/com/github/mikephil/charting/highlight/BarHighlighter.java	5.0	2	1	12.0	39.0	10.0	2.4000000953674316	5.0	34.0	0	84	5	1	0	2	-1.0	12.0	0.35	0	0.9	0	2	2	-1.4125	-3.25	-6.814500000000001	0.702	-4.55	0.38	3	com.github.mikephil.charting.highlight.BarHighlighter
MPChartLib/src/main/java/com/github/mikephil/charting/utils/MPPointF.java	9.0	1	0	3.0	16.0	36.0	1.0	9.0	7.0	1	49	13	1	0	1	0.25	3.0	0.1388888888888889	0	0.5714285714285714	0	8	8	3.7847222222222223	-0.6875	-4.491666666666667	1.9966666666666666	-0.7142857142857143	0.36428571428571427	35	com.github.mikephil.charting.utils.MPPointF
MPChartLib/src/main/java/com/github/mikephil/charting/exception/DrawingDataSetNotCreatedException.java	0.0	0	0	0.0	0.0	0.0	-1.0	0.0	0.0	0	2	1	1	0	0	1.0	0.0	-1.0	0	0.0	0	0	0	0.25	0.25	-0.33	0.1	0.0	0.2	0	com.github.mikephil.charting.exception.DrawingDataSetNotCreatedException
MPChartLib/src/main/java/com/github/mikephil/charting/buffer/BarBuffer.java	6.0	1	1	4.0	19.0	15.0	2.1666667461395264	6.0	13.0	0	92	11	1	0	1	1.0	4.0	0.2916666666666667	0	0.7391304347826086	0	4	4	1.5729166666666665	-0.75	-3.5337500000000004	1.135	-1.1304347826086958	0.5478260869565218	4	com.github.mikephil.charting.buffer.BarBuffer
MPChartLib/src/main/java/com/github/mikephil/charting/data/ScatterDataSet.java	12.0	11	0	5.0	25.0	66.0	1.5833333730697632	12.0	13.0	1	59	16	1	0	15	1.0	5.0	0.11666666666666667	1	0.991864406779661	0	11	11	4.779166666666667	-0.5	-10.521500000000001	2.654	5.49593220338983	3.5983728813559326	4	com.github.mikephil.charting.data.ScatterDataSet
MPChartLib/src/main/java/com/github/mikephil/charting/formatter/IFillFormatter.java	1.0	0	0	2.0	1.0	0.0	0.5	1.0	0.0	0	0	1	1	0	0	-1.0	2.0	1.0	0	0.0	0	0	0	0.25	-0.75	-1.32	0.33999999999999997	-1.0	-0.2	3	com.github.mikephil.charting.formatter.IFillFormatter
MPChartLib/src/main/java/com/github/mikephil/charting/interfaces/datasets/IBubbleDataSet.java	4.0	2	0	1.0	4.0	6.0	0.800000011920929	4.0	0.0	0	0	4	1	0	3	-1.0	1.0	0.25	0	0.9820627802690582	0	0	0	0.3125	-0.5	-3.2175000000000002	0.25	1.4910313901345291	0.5964125560538117	3	com.github.mikephil.charting.interfaces.datasets.IBubbleDataSet
MPChartExample/src/main/java/com/xxmassdeveloper/mpchartexample/FilledLineActivity.java	5.0	0	0	10.0	39.0	10.0	1.1666666269302368	5.0	34.0	1	140	7	1	0	1	1.0	10.0	0.2	1	0.0	0	3	3	-0.4500000000000002	-1.75	-5.214	0.904	-4.5	0.6000000000000001	1	com.xxmassdeveloper.mpchartexample.FilledLineActivity
MPChartExample/src/main/java/com/xxmassdeveloper/mpchartexample/custom/XYMarkerView.java	2.0	0	0	7.0	12.0	1.0	1.0	2.0	10.0	1	15	5	1	0	1	1.0	7.0	0.5	1	0.0	0	2	2	-0.125	-1.0	-3.1350000000000002	0.72	-3.0	0.6000000000000001	1	com.xxmassdeveloper.mpchartexample.custom.XYMarkerView
MPChartLib/src/main/java/com/github/mikephil/charting/components/AxisBase.java	61.0	1	2	6.0	83.0	1830.0	1.1311475038528442	61.0	22.0	1	198	90	1	0	1	0.7586206896551724	6.0	0.08196721311475409	1	0.27380952380952384	0	61	61	29.520491803278688	-0.8103448275862069	-22.492605992085924	13.649836065573771	-2.363095238095238	0.6064860426929393	45	com.github.mikephil.charting.components.AxisBase
MPChartLib/src/main/java/com/github/mikephil/charting/interfaces/datasets/ILineRadarDataSet.java	6.0	3	2	1.0	6.0	15.0	0.8571428656578064	6.0	0.0	0	0	6	1	0	5	-1.0	1.0	0.16666666666666666	0	0.9850746268656716	0	0	0	0.29166666666666663	-0.5	-4.565	0.24	2.4925373134328357	0.9970149253731344	5	com.github.mikephil.charting.interfaces.datasets.ILineRadarDataSet
MPChartLib/src/main/java/com/github/mikephil/charting/renderer/XAxisRendererHorizontalBarChart.java	8.0	3	0	13.0	98.0	28.0	3.25	8.0	90.0	1	259	10	1	0	1	1.0	13.0	0.275	1	0.813953488372093	0	5	5	-0.1812499999999999	-2.5	-7.16925	1.353	-5.593023255813954	0.7627906976744188	1	com.github.mikephil.charting.renderer.XAxisRendererHorizontalBarChart
MPChartExample/src/main/java/com/xxmassdeveloper/mpchartexample/fragments/SimpleFragment.java	8.0	0	5	10.0	31.0	28.0	1.0	8.0	23.0	0	137	11	1	0	0	0.0	10.0	0.1875	0	0.0	0	0	0	-1.953125	-2.5	-6.208125000000001	0.2425	-5.0	0.0	6	com.xxmassdeveloper.mpchartexample.fragments.SimpleFragment
MPChartLib/src/main/java/com/github/mikephil/charting/data/ScatterData.java	1.0	2	0	2.0	3.0	0.0	2.0	1.0	2.0	0	18	1	1	0	1	-1.0	2.0	-1.0	0	0.9811320754716981	0	1	1	0.25	-0.75	-2.31	0.32	-0.009433962264150941	0.19622641509433963	6	com.github.mikephil.charting.data.ScatterData
MPChartLib/src/main/java/com/github/mikephil/charting/listener/OnChartGestureListener.java	8.0	0	0	0.0	8.0	28.0	0.8888888955116272	8.0	0.0	0	0	8	1	0	0	-1.0	0.0	0.5416666666666666	0	0.0	0	0	0	0.6354166666666666	-0.25	-3.1212500000000003	0.285	0.0	-0.2	1	com.github.mikephil.charting.listener.OnChartGestureListener
MPChartLib/src/main/java/com/github/mikephil/charting/interfaces/dataprovider/BarLineScatterCandleBubbleDataProvider.java	5.0	1	5	3.0	5.0	10.0	0.8333333134651184	5.0	0.0	0	0	5	1	0	1	-1.0	3.0	0.4	0	0.8333333333333334	0	0	0	-0.15000000000000002	-1.0	-3.498	0.268	-0.5833333333333333	0.16666666666666669	15	com.github.mikephil.charting.interfaces.dataprovider.BarLineScatterCandleBubbleDataProvider
MPChartExample/src/main/java/com/xxmassdeveloper/mpchartexample/custom/MyMarkerView.java	2.0	0	0	7.0	8.0	1.0	1.5	2.0	6.0	0	21	3	1	0	1	1.0	7.0	0.5	0	0.0	0	2	2	-0.125	-1.5	-3.1350000000000002	0.72	-3.0	0.4	1	com.xxmassdeveloper.mpchartexample.custom.MyMarkerView
MPChartLib/src/main/java/com/github/mikephil/charting/charts/BarChart.java	15.0	0	1	9.0	43.0	105.0	1.3333333730697632	15.0	28.0	0	102	19	1	0	3	1.0	9.0	0.14666666666666667	0	0.0	0	13	13	4.786666666666667	-2.0	-8.861600000000001	3.0976	-3.0	0.8	2	com.github.mikephil.charting.charts.BarChart
MPChartLib/src/main/java/com/github/mikephil/charting/interfaces/dataprovider/CandleDataProvider.java	1.0	2	1	2.0	1.0	0.0	0.5	1.0	0.0	0	0	1	1	0	2	-1.0	2.0	-1.0	0	0.9850746268656716	0	0	0	-0.25	-0.75	-2.64	0.1	0.4925373134328358	0.3970149253731343	3	com.github.mikephil.charting.interfaces.dataprovider.CandleDataProvider
MPChartExample/src/main/java/com/xxmassdeveloper/mpchartexample/LineChartActivityColored.java	6.0	0	0	9.0	22.0	15.0	1.0	6.0	16.0	1	115	8	1	0	1	1.0	9.0	0.19047619047619047	1	0.0	0	3	3	-0.20238095238095255	-1.5	-5.217142857142857	0.9028571428571428	-4.0	0.6000000000000001	1	com.xxmassdeveloper.mpchartexample.LineChartActivityColored
MPChartExample/src/main/java/com/xxmassdeveloper/mpchartexample/PiePolylineChartActivity.java	11.0	0	0	11.0	51.0	55.0	2.4166667461395264	11.0	40.0	1	245	15	1	0	0	1.0	11.0	0.12121212121212122	1	0.0	0	7	7	1.2803030303030303	-2.0	-7.220000000000001	1.7745454545454546	-5.5	0.4	1	com.xxmassdeveloper.mpchartexample.PiePolylineChartActivity
MPChartLib/src/main/java/com/github/mikephil/charting/utils/FSize.java	7.0	1	0	3.0	15.0	21.0	1.4285714626312256	7.0	8.0	1	37	10	1	0	1	0.3333333333333333	3.0	0.14285714285714285	0	0.631578947368421	0	6	6	2.7857142857142856	-0.6666666666666666	-3.802857142857143	1.5571428571428572	-0.6842105263157895	0.3929824561403509	6	com.github.mikephil.charting.utils.FSize
MPChartLib/src/main/java/com/github/mikephil/charting/formatter/ColorFormatter.java	1.0	0	0	2.0	1.0	0.0	0.5	1.0	0.0	0	0	1	1	0	0	-1.0	2.0	1.0	0	0.0	0	0	0	0.25	-0.75	-1.32	0.33999999999999997	-1.0	-0.2	0	com.github.mikephil.charting.formatter.ColorFormatter
MPChartExample/src/main/java/com/xxmassdeveloper/mpchartexample/fragments/SineCosineFragment.java	2.0	0	0	4.0	8.0	1.0	0.6666666865348816	2.0	6.0	1	33	3	1	0	1	1.0	4.0	0.5	1	0.0	0	2	2	0.625	-0.25	-2.145	0.72	-1.5	0.6000000000000001	1	com.xxmassdeveloper.mpchartexample.fragments.SineCosineFragment
MPChartLib/src/main/java/com/github/mikephil/charting/renderer/XAxisRendererRadarChart.java	2.0	3	0	7.0	22.0	1.0	1.5	2.0	20.0	1	44	3	1	0	1	1.0	7.0	1.0	1	0.9459459459459459	0	2	2	0.0	-1.0	-2.97	0.78	-2.527027027027027	0.7891891891891893	1	com.github.mikephil.charting.renderer.XAxisRendererRadarChart
MPChartLib/src/main/java/com/github/mikephil/charting/data/RadarDataSet.java	16.0	14	0	3.0	24.0	120.0	1.0	16.0	8.0	0	55	23	1	0	22	1.0	3.0	0.125	0	0.9929947460595446	0	15	15	7.28125	-0.5	-13.488750000000001	3.535	9.996497373029772	4.798598949211909	2	com.github.mikephil.charting.data.RadarDataSet
MPChartLib/src/main/java/com/github/mikephil/charting/renderer/LegendRenderer.java	12.0	1	0	12.0	124.0	66.0	5.416666507720947	12.0	112.0	1	440	18	1	0	1	1.0	12.0	0.13194444444444445	1	0.4782608695652174	0	4	4	-0.46701388888888884	-2.25	-8.206458333333334	1.1158333333333335	-5.260869565217392	0.6956521739130436	6	com.github.mikephil.charting.renderer.LegendRenderer
MPChartLib/src/main/java/com/github/mikephil/charting/listener/OnChartValueSelectedListener.java	2.0	0	0	2.0	2.0	1.0	0.6666666865348816	2.0	0.0	0	0	2	1	0	0	-1.0	2.0	0.5	0	0.0	0	0	0	0.125	-0.75	-1.8150000000000002	0.28	-1.0	-0.2	1	com.github.mikephil.charting.listener.OnChartValueSelectedListener
MPChartLib/src/main/java/com/github/mikephil/charting/renderer/ScatterChartRenderer.java	7.0	4	0	19.0	96.0	21.0	2.857142925262451	7.0	89.0	1	154	9	1	0	1	0.5	19.0	0.2619047619047619	1	0.78125	0	6	6	-1.1845238095238093	-4.125	-8.98857142857143	1.5714285714285714	-8.609375	0.65625	1	com.github.mikephil.charting.renderer.ScatterChartRenderer
MPChartLib/src/main/java/com/github/mikephil/charting/jobs/AnimatedZoomJob.java	8.0	0	0	7.0	16.0	28.0	1.0	8.0	8.0	2	66	16	1	0	0	1.0	7.0	0.171875	1	0.0	0	7	7	2.29296875	-1.0	-4.89328125	1.780625	-3.5	0.4	1	com.github.mikephil.charting.jobs.AnimatedZoomJob
MPChartExample/src/main/java/com/xxmassdeveloper/mpchartexample/ScatterChartActivity.java	9.0	0	0	10.0	47.0	36.0	2.0	9.0	38.0	1	184	12	1	0	0	1.0	10.0	0.1388888888888889	1	0.0	0	7	7	1.5347222222222223	-1.75	-6.224166666666667	1.7766666666666666	-5.0	0.4	1	com.xxmassdeveloper.mpchartexample.ScatterChartActivity
MPChartLib/src/main/java/com/github/mikephil/charting/data/BubbleData.java	1.0	2	0	2.0	3.0	0.0	1.0	1.0	2.0	0	10	1	1	0	1	-1.0	2.0	1.0	0	0.9811320754716981	0	1	1	0.75	-0.75	-1.6500000000000001	0.5599999999999999	-0.009433962264150941	0.19622641509433963	6	com.github.mikephil.charting.data.BubbleData
MPChartLib/src/main/java/com/github/mikephil/charting/interfaces/dataprovider/LineDataProvider.java	2.0	2	1	3.0	2.0	1.0	0.6666666865348816	2.0	0.0	0	0	2	1	0	2	-1.0	3.0	0.5	0	0.9705882352941176	0	0	0	-0.125	-1.0	-2.805	0.28	-0.01470588235294118	0.3941176470588236	6	com.github.mikephil.charting.interfaces.dataprovider.LineDataProvider
MPChartLib/src/main/java/com/github/mikephil/charting/highlight/RadarHighlighter.java	2.0	2	0	6.0	19.0	1.0	1.5	2.0	17.0	0	50	2	1	0	2	-1.0	6.0	0.75	0	0.9487179487179487	0	0	0	-0.8125	-1.75	-3.7125000000000004	0.31	-1.5256410256410255	0.38974358974358975	1	com.github.mikephil.charting.highlight.RadarHighlighter
MPChartLib/src/main/java/com/github/mikephil/charting/listener/PieRadarChartTouchListener.java	11.0	0	0	3.0	21.0	55.0	2.1818182468414307	11.0	10.0	1	213	18	2	0	1	1.0	3.0	-0.7575757575757576	1	0.0	0	8	8	4.0606060606060606	0.0	-5.53	2.1090909090909093	-1.0	0.6000000000000001	1	com.github.mikephil.charting.listener.PieRadarChartTouchListener.AngularVelocitySample/com.github.mikephil.charting.listener.PieRadarChartTouchListener
MPChartLib/src/test/java/com/github/mikephil/charting/test/BarDataTest.java	1.0	0	0	1.0	9.0	0.0	0.5	1.0	8.0	0	52	1	1	0	0	-1.0	1.0	-1.0	0	0.0	0	1	1	0.5	-0.5	-1.6500000000000001	0.32	-0.5	-0.2	0	com.github.mikephil.charting.test.BarDataTest
MPChartLib/src/test/java/com/github/mikephil/charting/test/ChartDataTest.java	1.0	0	0	4.0	32.0	0.0	0.5	1.0	31.0	0	186	1	1	0	0	-1.0	4.0	-1.0	0	0.0	0	1	1	-0.25	-1.25	-2.64	0.32	-2.0	-0.2	0	com.github.mikephil.charting.test.ChartDataTest
MPChartLib/src/main/java/com/github/mikephil/charting/data/BarData.java	4.0	2	0	4.0	15.0	6.0	2.0	4.0	11.0	0	63	5	1	0	1	1.0	4.0	0.75	0	0.9285714285714286	0	4	4	1.6875	-0.75	-2.7225	1.19	-1.0357142857142856	0.5857142857142857	18	com.github.mikephil.charting.data.BarData
MPChartLib/src/main/java/com/github/mikephil/charting/data/DataSet.java	26.0	2	2	4.0	65.0	325.0	2.319999933242798	26.0	39.0	0	292	31	1	0	3	1.0	4.0	0.09340659340659341	0	0.9139072847682119	1	22	22	10.523351648351648	-0.25	-11.189175824175825	5.291208791208791	0.45695364238410596	1.1827814569536423	13	com.github.mikephil.charting.data.DataSet
MPChartLib/src/main/java/com/github/mikephil/charting/data/PieEntry.java	6.0	0	0	2.0	10.0	15.0	1.0	6.0	4.0	0	39	7	1	0	1	1.0	2.0	0.16666666666666666	0	0.0	0	6	6	3.0416666666666665	-0.25	-2.915	1.56	-0.5	0.4	4	com.github.mikephil.charting.data.PieEntry
MPChartLib/src/main/java/com/github/mikephil/charting/data/CandleData.java	0.0	2	0	1.0	0.0	0.0	-1.0	0.0	0.0	0	6	0	1	0	1	-1.0	1.0	-1.0	0	1.0	0	0	0	0.0	-0.5	-1.6500000000000001	0.1	0.5	0.2	5	com.github.mikephil.charting.data.CandleData
MPChartLib/src/main/java/com/github/mikephil/charting/formatter/IAxisValueFormatter.java	1.0	0	0	1.0	1.0	0.0	0.5	1.0	0.0	0	1	1	1	0	0	-1.0	1.0	1.0	0	0.0	0	0	0	0.5	-0.5	-0.99	0.33999999999999997	-0.5	-0.2	0	com.github.mikephil.charting.formatter.IAxisValueFormatter
MPChartLib/src/main/java/com/github/mikephil/charting/data/BarEntry.java	13.0	0	0	3.0	16.0	78.0	1.4615384340286255	13.0	3.0	1	127	17	1	0	1	1.0	3.0	0.15384615384615385	1	0.0	0	10	10	4.788461538461538	0.0	-5.559230769230769	2.4384615384615387	-1.0	0.6000000000000001	7	com.github.mikephil.charting.data.BarEntry
MPChartExample/src/main/java/com/xxmassdeveloper/mpchartexample/ListViewBarChartActivity.java	6.0	0	0	5.0	22.0	10.0	4.0	6.0	16.0	1	183	7	3	0	1	-1.0	5.0	0.2	1	0.0	0	3	3	1.8	-1.0	-5.214	1.344	-2.0	0.2	0	com.xxmassdeveloper.mpchartexample.ListViewBarChartActivity.ChartDataAdapter/com.xxmassdeveloper.mpchartexample.ListViewBarChartActivity.ChartDataAdapter.ViewHolder/com.xxmassdeveloper.mpchartexample.ListViewBarChartActivity
MPChartLib/src/main/java/com/github/mikephil/charting/components/Legend.java	49.0	1	0	6.0	66.0	1176.0	1.4489796161651611	49.0	17.0	2	310	74	1	0	1	0.84	6.0	0.04353741496598639	2	0.3194444444444444	0	46	46	22.010884353741496	-0.29000000000000004	-18.518432653061225	10.345224489795918	-2.3402777777777777	0.8318888888888889	27	com.github.mikephil.charting.components.Legend
MPChartExample/src/main/java/com/xxmassdeveloper/mpchartexample/custom/DayAxisValueFormatter.java	5.0	3	0	2.0	15.0	10.0	4.400000095367432	5.0	10.0	1	111	7	1	0	3	1.0	2.0	0.5	0	0.9333333333333333	0	1	1	0.625	-0.25	-3.135	0.5	0.9666666666666667	0.9866666666666667	1	com.xxmassdeveloper.mpchartexample.custom.DayAxisValueFormatter
MPChartLib/src/main/java/com/github/mikephil/charting/jobs/ZoomJob.java	4.0	2	0	6.0	18.0	6.0	1.0	4.0	14.0	1	49	9	1	0	1	1.0	6.0	0.25	0	0.8666666666666667	0	3	3	0.5625	-1.25	-3.5475000000000003	0.91	-2.0666666666666664	0.5733333333333334	1	com.github.mikephil.charting.jobs.ZoomJob
MPChartLib/src/main/java/com/github/mikephil/charting/renderer/CandleStickChartRenderer.java	7.0	4	0	17.0	99.0	21.0	4.285714149475098	7.0	92.0	1	315	13	1	0	1	1.0	17.0	0.2619047619047619	1	0.78125	0	6	6	-0.6845238095238093	-3.5	-8.163571428571428	1.5714285714285714	-7.609375	0.7562500000000001	1	com.github.mikephil.charting.renderer.CandleStickChartRenderer
MPChartLib/src/main/java/com/github/mikephil/charting/charts/LineChart.java	3.0	0	0	3.0	5.0	3.0	1.3333333730697632	3.0	2.0	0	21	3	1	0	3	-1.0	3.0	-1.0	0	0.0	0	1	1	0.0	-1.0	-3.96	0.32	0.0	0.4000000000000001	1	com.github.mikephil.charting.charts.LineChart
MPChartLib/src/main/java/com/github/mikephil/charting/utils/Utils.java	39.0	0	0	4.0	78.0	741.0	1.625	39.0	39.0	1	468	54	1	0	0	0.7333333333333333	4.0	0.0758082497212932	1	0.0	0	38	38	18.518952062430323	-0.31666666666666665	-14.252983277591975	8.589096989966555	-2.0	0.3466666666666667	48	com.github.mikephil.charting.utils.Utils
MPChartExample/src/main/java/com/xxmassdeveloper/mpchartexample/fragments/ComplexityFragment.java	2.0	0	0	3.0	4.0	1.0	0.6666666865348816	2.0	2.0	1	31	3	1	0	1	1.0	3.0	0.5	1	0.0	0	2	2	0.875	0.0	-1.815	0.72	-1.0	0.6000000000000001	1	com.xxmassdeveloper.mpchartexample.fragments.ComplexityFragment
MPChartLib/src/main/java/com/github/mikephil/charting/data/LineData.java	0.0	2	0	1.0	0.0	0.0	-1.0	0.0	0.0	0	6	0	1	0	1	-1.0	1.0	-1.0	0	1.0	0	0	0	0.0	-0.5	-1.6500000000000001	0.1	0.5	0.2	8	com.github.mikephil.charting.data.LineData
MPChartLib/src/main/java/com/github/mikephil/charting/formatter/StackedValueFormatter.java	1.0	3	0	3.0	2.0	0.0	4.0	1.0	1.0	0	33	4	1	0	3	1.0	3.0	1.0	0	0.9859154929577465	0	1	1	0.5	-0.5	-1.98	0.5599999999999999	0.49295774647887325	0.9971830985915493	1	com.github.mikephil.charting.formatter.StackedValueFormatter
MPChartExample/src/main/java/com/xxmassdeveloper/mpchartexample/RealtimeLineChartActivity.java	10.0	0	0	14.0	59.0	45.0	1.8181818723678589	10.0	49.0	1	191	12	1	0	1	1.0	14.0	0.1	1	0.0	0	4	4	-0.9750000000000001	-2.75	-8.217	1.112	-6.5	0.6000000000000001	1	com.xxmassdeveloper.mpchartexample.RealtimeLineChartActivity
MPChartLib/src/main/java/com/github/mikephil/charting/formatter/DefaultFillFormatter.java	1.0	1	0	5.0	15.0	0.0	2.0	1.0	14.0	0	28	1	1	0	1	-1.0	5.0	1.0	0	0.0	0	1	1	0.0	-1.5	-2.64	0.5599999999999999	-2.0	0.0	0	com.github.mikephil.charting.formatter.DefaultFillFormatter
MPChartLib/src/main/java/com/github/mikephil/charting/renderer/scatter/CircleShapeRenderer.java	1.0	1	0	3.0	9.0	0.0	1.5	1.0	8.0	0	43	1	1	0	1	-1.0	3.0	1.0	0	0.0	0	1	1	0.5	-1.0	-1.9800000000000002	0.5599999999999999	-1.0	0.0	0	com.github.mikephil.charting.renderer.scatter.CircleShapeRenderer
MPChartLib/src/main/java/com/github/mikephil/charting/renderer/PieChartRenderer.java	18.0	2	0	13.0	115.0	153.0	4.94444465637207	18.0	97.0	1	916	35	1	0	1	1.0	13.0	0.15873015873015872	1	0.55	0	11	11	2.7896825396825395	-2.5	-10.507619047619048	2.659047619047619	-5.725	0.7100000000000001	2	com.github.mikephil.charting.renderer.PieChartRenderer
MPChartLib/src/main/java/com/github/mikephil/charting/renderer/scatter/CrossShapeRenderer.java	1.0	1	0	3.0	5.0	0.0	0.5	1.0	4.0	0	22	1	1	0	1	-1.0	3.0	1.0	0	0.0	0	1	1	0.5	-1.0	-1.9800000000000002	0.5599999999999999	-1.0	0.0	0	com.github.mikephil.charting.renderer.scatter.CrossShapeRenderer
MPChartLib/src/test/java/com/github/mikephil/charting/test/ApproximatorTest.java	1.0	0	0	1.0	3.0	0.0	0.5	1.0	2.0	0	24	1	1	0	0	-1.0	1.0	-1.0	0	0.0	0	1	1	0.5	-0.5	-1.6500000000000001	0.32	-0.5	-0.2	0	com.github.mikephil.charting.test.ApproximatorTest
MPChartLib/src/main/java/com/github/mikephil/charting/highlight/CombinedHighlighter.java	1.0	3	0	8.0	22.0	0.0	4.0	1.0	21.0	1	45	2	1	0	1	1.0	8.0	1.0	1	0.9782608695652174	0	0	0	-1.25	-1.25	-2.97	0.33999999999999997	-3.010869565217391	0.7956521739130435	1	com.github.mikephil.charting.highlight.CombinedHighlighter
MPChartLib/src/main/java/com/github/mikephil/charting/renderer/RadarChartRenderer.java	10.0	5	0	14.0	88.0	45.0	2.9000000953674316	10.0	78.0	1	337	15	1	0	1	1.0	14.0	0.24285714285714285	1	0.7297297297297297	0	8	8	1.0607142857142855	-2.75	-8.169857142857143	2.0091428571428573	-6.135135135135135	0.7459459459459461	1	com.github.mikephil.charting.renderer.RadarChartRenderer
MPChartLib/src/main/java/com/github/mikephil/charting/model/GradientColor.java	4.0	0	0	1.0	4.0	6.0	1.0	4.0	0.0	0	11	6	1	0	0	1.0	1.0	0.5	0	0.0	0	4	4	2.375	0.0	-1.485	1.16	-0.5	0.2	4	com.github.mikephil.charting.model.GradientColor
MPChartExample/src/main/java/com/xxmassdeveloper/mpchartexample/custom/StackedBarsMarkerView.java	2.0	0	0	7.0	10.0	1.0	2.0	2.0	8.0	0	27	3	1	0	1	1.0	7.0	0.5	0	0.0	0	2	2	-0.125	-1.5	-3.1350000000000002	0.72	-3.0	0.4	1	com.xxmassdeveloper.mpchartexample.custom.StackedBarsMarkerView
MPChartLib/src/main/java/com/github/mikephil/charting/data/CombinedData.java	21.0	2	0	12.0	68.0	210.0	2.190476179122925	21.0	47.0	5	177	26	1	0	1	1.0	12.0	0.06493506493506493	5	0.7123287671232876	0	21	21	8.016233766233766	-0.25	-11.198571428571428	4.8477922077922075	-5.1438356164383565	1.5424657534246575	5	com.github.mikephil.charting.data.CombinedData
MPChartExample/src/main/java/com/xxmassdeveloper/mpchartexample/PieChartActivity.java	11.0	0	0	12.0	55.0	55.0	2.5	11.0	44.0	1	251	14	1	0	0	1.0	12.0	0.12121212121212122	1	0.0	0	7	7	1.0303030303030303	-2.25	-7.550000000000001	1.7745454545454546	-6.0	0.4	1	com.xxmassdeveloper.mpchartexample.PieChartActivity
MPChartExample/src/main/java/com/xxmassdeveloper/mpchartexample/custom/CustomScatterShapeRenderer.java	1.0	1	0	2.0	3.0	0.0	0.5	1.0	2.0	0	12	1	1	0	1	-1.0	2.0	1.0	0	0.0	0	1	1	0.75	-0.75	-1.6500000000000001	0.5599999999999999	-0.5	0.0	0	com.xxmassdeveloper.mpchartexample.custom.CustomScatterShapeRenderer
MPChartExample/src/main/java/com/xxmassdeveloper/mpchartexample/CandleStickChartActivity.java	7.0	0	0	9.0	38.0	21.0	2.5	7.0	31.0	1	182	10	1	0	0	1.0	9.0	0.19047619047619047	1	0.0	0	5	5	0.7976190476190474	-1.5	-5.217142857142857	1.342857142857143	-4.5	0.4	1	com.xxmassdeveloper.mpchartexample.CandleStickChartActivity
MPChartLib/src/main/java/com/github/mikephil/charting/animation/Easing.java	1.0	0	0	0.0	1.0	0.0	0.5	1.0	0.0	28	234	30	2	0	0	0.034482758620689655	0.0	0.0	28	0.0	0	0	0	1.0	14.008620689655173	-0.9786206896551725	0.44	0.0	5.606896551724138	3	com.github.mikephil.charting.animation.Easing/com.github.mikephil.charting.animation.Easing.EasingFunction
MPChartLib/src/main/java/com/github/mikephil/charting/data/PieDataSet.java	27.0	5	0	5.0	39.0	351.0	1.1111111640930176	27.0	12.0	0	90	39	1	0	4	1.0	5.0	0.08641975308641975	0	0.9321608040201005	0	25	25	11.771604938271604	-1.0	-11.851481481481482	5.730370370370371	-0.03391959798994976	1.18643216080402	6	com.github.mikephil.charting.data.PieDataSet
MPChartLib/src/main/java/com/github/mikephil/charting/charts/BubbleChart.java	2.0	0	0	2.0	2.0	1.0	1.0	2.0	0.0	0	13	2	1	0	3	-1.0	2.0	-1.0	0	0.0	0	1	1	0.25	-0.75	-3.3000000000000003	0.32	0.5	0.4000000000000001	0	com.github.mikephil.charting.charts.BubbleChart
MPChartLib/src/main/java/com/github/mikephil/charting/highlight/PieRadarHighlighter.java	2.0	1	2	2.0	4.0	1.0	4.0	2.0	2.0	0	31	4	1	0	1	1.0	2.0	0.75	0	0.0	1	1	1	0.6875	0.25	-1.7325000000000002	0.75	0.0	0.6000000000000001	3	com.github.mikephil.charting.highlight.PieRadarHighlighter
MPChartLib/src/main/java/com/github/mikephil/charting/highlight/HorizontalBarHighlighter.java	3.0	3	0	12.0	36.0	3.0	2.6666667461395264	3.0	33.0	0	59	3	1	0	2	-1.0	12.0	0.5	0	0.9433962264150944	0	1	1	-1.875	-3.25	-6.105	0.5	-4.528301886792453	0.3886792452830189	0	com.github.mikephil.charting.highlight.HorizontalBarHighlighter
MPChartExample/src/main/java/com/xxmassdeveloper/mpchartexample/CombinedChartActivity.java	9.0	0	0	19.0	64.0	36.0	1.5	9.0	55.0	1	219	11	1	0	1	1.0	19.0	0.1111111111111111	1	0.0	0	3	3	-2.7222222222222223	-4.0	-9.533333333333333	0.8933333333333333	-9.0	0.6000000000000001	1	com.xxmassdeveloper.mpchartexample.CombinedChartActivity
MPChartLib/src/main/java/com/github/mikephil/charting/utils/HorizontalViewPortHandler.java	0.0	1	0	1.0	0.0	0.0	0.0	0.0	0.0	0	0	0	1	0	1	-1.0	1.0	-1.0	0	1.0	0	0	0	0.0	-0.5	-1.6500000000000001	0.1	0.5	0.2	0	com.github.mikephil.charting.utils.HorizontalViewPortHandler
MPChartExample/src/main/java/com/xxmassdeveloper/mpchartexample/StackedBarActivity.java	10.0	0	0	11.0	51.0	45.0	2.2727272510528564	10.0	41.0	1	217	13	1	0	0	1.0	11.0	0.125	1	0.0	0	7	7	1.28125	-2.0	-6.888750000000001	1.775	-5.5	0.4	1	com.xxmassdeveloper.mpchartexample.StackedBarActivity
MPChartLib/src/main/java/com/github/mikephil/charting/utils/Transformer.java	23.0	0	1	10.0	54.0	253.0	1.47826087474823	23.0	31.0	1	245	34	1	1	0	0.9090909090909091	10.0	0.10367892976588629	1	0.0	0	23	23	9.525919732441471	-1.772727272727273	-10.885785953177258	5.512441471571906	-5.0	0.38181818181818183	23	com.github.mikephil.charting.utils.Transformer
MPChartLib/src/main/java/com/github/mikephil/charting/utils/ObjectPool.java	13.0	0	5	3.0	22.0	66.0	1.8333333730697632	13.0	9.0	0	111	22	2	1	0	1.0	3.0	-0.9	0	0.0	1	9	9	4.525	0.0	-6.237	2.7520000000000002	-1.0	0.4	21	com.github.mikephil.charting.utils.ObjectPool/com.github.mikephil.charting.utils.ObjectPool.Poolable
MPChartExample/src/main/java/com/xxmassdeveloper/mpchartexample/custom/MyFillFormatter.java	1.0	1	0	3.0	1.0	0.0	1.0	1.0	0.0	0	6	2	1	0	1	1.0	3.0	1.0	0	0.0	0	1	1	0.5	-0.5	-1.32	0.5599999999999999	-1.0	0.4	1	com.xxmassdeveloper.mpchartexample.custom.MyFillFormatter
MPChartLib/src/main/java/com/github/mikephil/charting/renderer/YAxisRendererRadarChart.java	3.0	3	0	8.0	55.0	3.0	6.333333492279053	3.0	52.0	1	200	5	1	0	1	1.0	8.0	0.5	1	0.9090909090909091	0	2	2	-0.375	-1.25	-3.795	0.72	-3.0454545454545454	0.781818181818182	1	com.github.mikephil.charting.renderer.YAxisRendererRadarChart
MPChartLib/src/main/java/com/github/mikephil/charting/jobs/AnimatedViewPortJob.java	12.0	0	2	2.0	14.0	66.0	1.0	12.0	2.0	0	49	16	1	0	0	1.0	2.0	0.16666666666666666	0	0.6842105263157895	1	11	11	5.541666666666667	0.25	-4.895	2.8800000000000003	-0.1578947368421053	0.536842105263158	3	com.github.mikephil.charting.jobs.AnimatedViewPortJob
MPChartExample/src/main/java/com/xxmassdeveloper/mpchartexample/custom/MyCustomXAxisValueFormatter.java	1.0	3	0	3.0	4.0	0.0	4.0	1.0	3.0	1	19	3	1	0	3	1.0	3.0	1.0	1	0.9859154929577465	0	1	1	0.5	0.0	-1.98	0.5599999999999999	0.49295774647887325	1.1971830985915493	1	com.xxmassdeveloper.mpchartexample.custom.MyCustomXAxisValueFormatter
MPChartExample/src/main/java/com/xxmassdeveloper/mpchartexample/BarChartActivitySinus.java	8.0	0	0	10.0	52.0	28.0	2.3333332538604736	8.0	44.0	1	178	12	1	0	0	1.0	10.0	0.1875	1	0.0	0	5	5	0.546875	-1.75	-5.878125000000001	1.3425	-5.0	0.4	1	com.xxmassdeveloper.mpchartexample.BarChartActivitySinus
MPChartLib/src/main/java/com/github/mikephil/charting/utils/ColorTemplate.java	5.0	0	0	0.0	9.0	10.0	0.8333333134651184	5.0	4.0	0	45	13	1	0	0	0.0	0.0	0.25	0	0.0	0	5	5	3.0625	0.0	-1.8975000000000002	1.35	0.0	0.0	8	com.github.mikephil.charting.utils.ColorTemplate
MPChartLib/src/main/java/com/github/mikephil/charting/renderer/scatter/TriangleShapeRenderer.java	1.0	1	0	4.0	9.0	0.0	1.5	1.0	8.0	0	57	2	1	0	1	1.0	4.0	1.0	0	0.0	0	1	1	0.25	-0.75	-1.6500000000000001	0.5599999999999999	-1.5	0.4	1	com.github.mikephil.charting.renderer.scatter.TriangleShapeRenderer
MPChartLib/src/main/java/com/github/mikephil/charting/charts/Chart.java	109.0	0	2	24.0	262.0	5886.0	1.4905660152435303	109.0	153.0	14	649	145	1	0	0	0.0	24.0	0.033202271734381825	0	0.0	0	0	0	-5.4916994320664045	-6.0	-44.20904325032765	0.2239842726081258	-12.0	0.0	8	com.github.mikephil.charting.charts.Chart
MPChartLib/src/main/java/com/github/mikephil/charting/interfaces/dataprovider/CombinedDataProvider.java	1.0	7	0	6.0	1.0	0.0	0.5	1.0	0.0	0	0	1	1	0	3	-1.0	6.0	-1.0	0	0.9970238095238095	0	0	0	-1.25	-1.75	-4.29	0.1	-1.0014880952380953	0.599404761904762	1	com.github.mikephil.charting.interfaces.dataprovider.CombinedDataProvider
MPChartLib/src/main/java/com/github/mikephil/charting/buffer/AbstractBuffer.java	6.0	0	1	1.0	6.0	15.0	1.399999976158142	6.0	0.0	0	18	12	1	1	0	0.8333333333333334	1.0	0.2222222222222222	0	0.0	1	6	6	3.3055555555555554	0.45833333333333337	-2.6216666666666666	2.006666666666667	0.0	0.3666666666666667	5	com.github.mikephil.charting.buffer.AbstractBuffer
MPChartLib/src/main/java/com/github/mikephil/charting/components/Description.java	6.0	1	0	3.0	9.0	15.0	1.1666666269302368	6.0	3.0	1	22	9	1	0	1	1.0	3.0	0.16666666666666666	1	0.7931034482758621	0	6	6	2.7916666666666665	0.0	-3.245	1.56	-0.603448275862069	0.7586206896551725	2	com.github.mikephil.charting.components.Description
MPChartLib/src/main/java/com/github/mikephil/charting/data/ChartData.java	42.0	0	3	6.0	119.0	861.0	2.4761905670166016	42.0	77.0	0	416	51	1	1	0	1.0	6.0	0.0641025641025641	0	0.0	0	36	36	17.016025641025642	-1.25	-15.818846153846154	8.367692307692309	-3.0	0.2	49	com.github.mikephil.charting.data.ChartData
MPChartExample/src/main/java/com/xxmassdeveloper/mpchartexample/StackedBarActivityNegative.java	7.0	3	0	14.0	69.0	15.0	3.7142856121063232	7.0	62.0	1	203	9	2	0	4	2.0	14.0	1.1666666666666667	1	0.9859154929577465	0	5	5	0.2916666666666665	-2.5	-7.865	1.6800000000000002	-4.507042253521127	1.5971830985915494	2	com.xxmassdeveloper.mpchartexample.StackedBarActivityNegative.CustomFormatter/com.xxmassdeveloper.mpchartexample.StackedBarActivityNegative
MPChartLib/src/main/java/com/github/mikephil/charting/data/BubbleEntry.java	3.0	0	0	2.0	3.0	3.0	1.0	3.0	0.0	0	20	4	1	0	1	1.0	2.0	0.3333333333333333	0	0.0	0	3	3	1.5833333333333333	-0.25	-1.87	0.92	-0.5	0.4	3	com.github.mikephil.charting.data.BubbleEntry
MPChartLib/src/main/java/com/github/mikephil/charting/listener/OnDrawListener.java	3.0	0	0	1.0	3.0	3.0	0.75	3.0	0.0	0	0	3	1	0	0	-1.0	1.0	0.5	0	0.0	0	0	0	0.375	-0.5	-1.815	0.28	-0.5	-0.2	1	com.github.mikephil.charting.listener.OnDrawListener
MPChartLib/src/main/java/com/github/mikephil/charting/charts/CandleStickChart.java	2.0	0	0	2.0	2.0	1.0	1.0	2.0	0.0	0	17	2	1	0	3	-1.0	2.0	-1.0	0	0.0	0	1	1	0.25	-0.75	-3.3000000000000003	0.32	0.5	0.4000000000000001	0	com.github.mikephil.charting.charts.CandleStickChart
MPChartLib/src/main/java/com/github/mikephil/charting/buffer/HorizontalBarBuffer.java	4.0	2	0	6.0	17.0	6.0	2.5	4.0	13.0	0	75	4	1	0	1	-1.0	6.0	0.5	0	0.8518518518518519	0	1	1	-0.375	-1.75	-4.125	0.5	-2.074074074074074	0.1703703703703704	1	com.github.mikephil.charting.buffer.HorizontalBarBuffer
MPChartLib/src/main/java/com/github/mikephil/charting/data/CandleEntry.java	12.0	0	0	3.0	15.0	66.0	1.0	12.0	3.0	0	60	16	1	0	1	1.0	3.0	0.3333333333333333	0	0.0	0	12	12	5.833333333333333	-0.5	-5.17	2.9000000000000004	-1.0	0.4	3	com.github.mikephil.charting.data.CandleEntry
MPChartExample/src/main/java/com/xxmassdeveloper/mpchartexample/HorizontalBarChartActivity.java	10.0	0	0	14.0	57.0	45.0	2.2727272510528564	10.0	47.0	1	222	14	1	0	0	1.0	14.0	0.13333333333333333	1	0.0	0	7	7	0.5333333333333332	-2.75	-7.876000000000001	1.776	-7.0	0.4	1	com.xxmassdeveloper.mpchartexample.HorizontalBarChartActivity
MPChartLib/src/main/java/com/github/mikephil/charting/data/LineScatterCandleRadarDataSet.java	12.0	8	3	3.0	20.0	66.0	1.0	12.0	8.0	0	38	16	1	0	7	1.0	3.0	0.16666666666666666	0	0.9830985915492958	0	11	11	5.291666666666667	-0.5	-7.205	2.66	2.491549295774648	1.7966197183098593	7	com.github.mikephil.charting.data.LineScatterCandleRadarDataSet
MPChartLib/src/main/java/com/github/mikephil/charting/charts/PieChart.java	57.0	0	0	13.0	102.0	1596.0	1.3859648704528809	57.0	45.0	1	334	73	1	0	1	1.0	13.0	0.07769423558897243	1	0.0	0	47	47	20.769423558897245	-2.5	-23.40436090225564	10.569323308270677	-6.0	0.6000000000000001	1	com.github.mikephil.charting.charts.PieChart
MPChartLib/src/main/java/com/github/mikephil/charting/highlight/Highlight.java	15.0	0	0	1.0	15.0	105.0	1.1333333253860474	15.0	0.0	0	59	25	1	0	0	1.0	1.0	0.06666666666666667	0	0.0	0	15	15	7.766666666666667	0.0	-5.258	3.528	-0.5	0.2	54	com.github.mikephil.charting.highlight.Highlight
MPChartLib/src/main/java/com/github/mikephil/charting/charts/ScatterChart.java	2.0	0	0	2.0	2.0	1.0	1.0	2.0	0.0	0	41	2	1	0	3	-1.0	2.0	-1.0	0	0.0	0	1	1	0.25	-0.75	-3.3000000000000003	0.32	0.5	0.4000000000000001	0	com.github.mikephil.charting.charts.ScatterChart
MPChartLib/src/main/java/com/github/mikephil/charting/data/BarDataSet.java	18.0	8	0	5.0	30.0	153.0	1.4444444179534912	18.0	12.0	0	103	25	1	0	9	1.0	5.0	0.08333333333333333	0	0.9789227166276346	0	14	14	6.270833333333333	-1.0	-10.5325	3.31	2.489461358313817	2.195784543325527	10	com.github.mikephil.charting.data.BarDataSet
MPChartLib/src/main/java/com/github/mikephil/charting/renderer/LineScatterCandleRadarRenderer.java	1.0	3	3	5.0	19.0	0.0	3.0	1.0	18.0	0	32	2	1	0	1	1.0	5.0	1.0	0	0.96	0	0	0	-0.5	-1.0	-1.9800000000000002	0.33999999999999997	-1.52	0.5920000000000001	4	com.github.mikephil.charting.renderer.LineScatterCandleRadarRenderer
MPChartLib/src/main/java/com/github/mikephil/charting/data/BaseEntry.java	6.0	0	1	1.0	6.0	15.0	1.0	6.0	0.0	0	26	9	1	0	0	1.0	1.0	0.16666666666666666	0	0.0	0	6	6	3.2916666666666665	0.0	-2.255	1.56	-0.5	0.2	33	com.github.mikephil.charting.data.BaseEntry
MPChartLib/src/main/java/com/github/mikephil/charting/renderer/YAxisRendererHorizontalBarChart.java	9.0	3	0	11.0	92.0	36.0	2.6666667461395264	9.0	83.0	0	243	12	1	0	1	1.0	11.0	0.2222222222222222	0	0.7692307692307693	0	5	5	0.30555555555555536	-2.5	-6.856666666666667	1.3466666666666667	-4.615384615384615	0.5538461538461539	1	com.github.mikephil.charting.renderer.YAxisRendererHorizontalBarChart
MPChartLib/src/main/java/com/github/mikephil/charting/data/BarLineScatterCandleBubbleDataSet.java	3.0	5	3	2.0	5.0	3.0	1.0	3.0	2.0	0	10	4	1	0	4	1.0	2.0	0.3333333333333333	0	0.9919786096256684	0	2	2	1.0833333333333333	-0.25	-2.8600000000000003	0.7	1.4959893048128343	1.1983957219251338	5	com.github.mikephil.charting.data.BarLineScatterCandleBubbleDataSet
MPChartExample/src/main/java/com/xxmassdeveloper/mpchartexample/PerformanceLineChart.java	8.0	0	0	6.0	23.0	28.0	1.0	8.0	15.0	1	98	11	1	0	0	1.0	6.0	0.17857142857142858	1	0.0	0	6	6	2.044642857142857	-0.75	-4.561071428571429	1.5614285714285714	-3.0	0.4	1	com.xxmassdeveloper.mpchartexample.PerformanceLineChart
MPChartExample/src/main/java/com/xxmassdeveloper/mpchartexample/fragments/BarChartFrag.java	10.0	0	0	4.0	14.0	45.0	0.9090909361839294	10.0	4.0	1	65	11	1	0	1	1.0	4.0	0.26666666666666666	1	0.0	0	10	10	4.566666666666666	-0.25	-4.862	2.4520000000000004	-1.5	0.6000000000000001	1	com.xxmassdeveloper.mpchartexample.fragments.BarChartFrag
MPChartLib/src/main/java/com/github/mikephil/charting/data/LineRadarDataSet.java	11.0	11	2	3.0	15.0	55.0	1.1818181276321411	11.0	4.0	0	42	16	1	0	10	1.0	3.0	0.10909090909090909	0	0.9900452488687783	0	10	10	4.777272727272727	-0.5	-7.884	2.4330909090909096	3.995022624434389	2.398009049773756	19	com.github.mikephil.charting.data.LineRadarDataSet
MPChartLib/src/main/java/com/github/mikephil/charting/interfaces/datasets/ICandleDataSet.java	10.0	3	0	1.0	10.0	45.0	0.9090909361839294	10.0	0.0	0	0	10	1	0	5	-1.0	1.0	-1.0	0	0.9753694581280788	0	0	0	0.0	-0.5	-6.2700000000000005	0.1	2.4876847290640396	0.9950738916256159	4	com.github.mikephil.charting.interfaces.datasets.ICandleDataSet
MPChartLib/src/main/java/com/github/mikephil/charting/utils/EntryXComparator.java	1.0	0	0	1.0	3.0	0.0	1.5	1.0	2.0	0	9	1	1	0	0	-1.0	1.0	1.0	0	0.0	0	1	1	1.0	-0.5	-0.99	0.5599999999999999	-0.5	-0.2	0	com.github.mikephil.charting.utils.EntryXComparator
MPChartLib/src/main/java/com/github/mikephil/charting/interfaces/datasets/IBarLineScatterCandleBubbleDataSet.java	1.0	1	3	1.0	1.0	0.0	0.5	1.0	0.0	0	0	1	1	0	1	-1.0	1.0	-1.0	0	0.9857142857142858	0	0	0	0.0	-0.5	-1.9800000000000002	0.1	0.4928571428571429	0.19714285714285718	8	com.github.mikephil.charting.interfaces.datasets.IBarLineScatterCandleBubbleDataSet
MPChartLib/src/main/java/com/github/mikephil/charting/data/CandleDataSet.java	24.0	11	0	6.0	36.0	276.0	1.3333333730697632	24.0	12.0	0	104	34	1	0	15	1.0	6.0	0.09027777777777778	0	0.9838601210490922	0	21	21	9.522569444444445	-1.25	-14.820208333333333	4.850833333333333	4.991930060524546	3.3967720242098185	3	com.github.mikephil.charting.data.CandleDataSet
MPChartExample/src/main/java/com/xxmassdeveloper/mpchartexample/BubbleChartActivity.java	9.0	0	0	12.0	56.0	36.0	2.0999999046325684	9.0	47.0	1	183	12	1	0	0	1.0	12.0	0.1388888888888889	1	0.0	0	7	7	1.0347222222222223	-2.25	-6.884166666666667	1.7766666666666666	-6.0	0.4	1	com.xxmassdeveloper.mpchartexample.BubbleChartActivity
MPChartLib/src/main/java/com/github/mikephil/charting/renderer/Renderer.java	0.0	0	3	0.0	0.0	0.0	-1.0	0.0	0.0	1	2	1	1	1	0	1.0	0.0	-1.0	1	0.0	0	0	0	0.25	0.75	-0.33	0.32	0.0	0.4	3	com.github.mikephil.charting.renderer.Renderer
MPChartLib/src/main/java/com/github/mikephil/charting/matrix/Vector3.java	17.0	0	0	1.0	26.0	136.0	1.1176470518112183	17.0	9.0	4	77	24	1	0	0	0.0	1.0	0.4117647058823529	4	0.0	0	17	17	8.852941176470589	1.75	-6.134117647058824	4.009411764705883	-0.5	0.8	1	com.github.mikephil.charting.matrix.Vector3
MPChartExample/src/main/java/com/xxmassdeveloper/mpchartexample/DrawChartActivity.java	10.0	0	0	10.0	30.0	45.0	1.545454502105713	10.0	20.0	1	118	11	1	0	1	1.0	10.0	0.13333333333333333	1	0.0	0	7	7	1.5333333333333332	-1.75	-6.886000000000001	1.776	-4.5	0.6000000000000001	1	com.xxmassdeveloper.mpchartexample.DrawChartActivity
MPChartLib/src/main/java/com/github/mikephil/charting/renderer/CombinedChartRenderer.java	10.0	2	0	10.0	36.0	45.0	2.9000000953674316	10.0	26.0	0	103	13	1	0	1	1.0	10.0	0.18333333333333332	0	0.6875	0	10	10	3.0458333333333334	-2.25	-6.8695	2.442	-4.15625	0.5375000000000001	2	com.github.mikephil.charting.renderer.CombinedChartRenderer
